Section,Title,URL Path,Full URL
Static,Home,"/","https://www.digitallynext.com/"
Static,About,"/about","https://www.digitallynext.com/about"
Static,Services,"/services","https://www.digitallynext.com/services"
Static,Expertise,"/expertise","https://www.digitallynext.com/expertise"
Static,Careers,"/careers","https://www.digitallynext.com/careers"
Static,Contact,"/contact","https://www.digitallynext.com/contact"
Static,Blog,"/blog","https://www.digitallynext.com/blog"
Static,In News,"/innews","https://www.digitallynext.com/innews"
Static,Case Studies,"/case-studies","https://www.digitallynext.com/case-studies"
Static,Podcast,"/podcast","https://www.digitallynext.com/podcast"
Static,Nuggets,"/nuggets","https://www.digitallynext.com/nuggets"
Static,Speaking,"/speaking","https://www.digitallynext.com/speaking"
Static,Privacy Policy,"/privacy-policy","https://www.digitallynext.com/privacy-policy"
Static,Terms of Use,"/terms-of-use","https://www.digitallynext.com/terms-of-use"

CaseStudy,"Transforming a 30+ Year Legacy Tech Brand","/case-studies/it-ites-sap-aws","https://www.digitallynext.com/case-studies/it-ites-sap-aws"
CaseStudy,"Cross-Border Healthcare Brand Transformation","/case-studies/healthcare-genomics-genetics","https://www.digitallynext.com/case-studies/healthcare-genomics-genetics"
CaseStudy,"Breaking Social Taboos Around Hearing Aids","/case-studies/healthcare-tech-hearing-aids","https://www.digitallynext.com/case-studies/healthcare-tech-hearing-aids"
CaseStudy,"Global Digital Gallery for Judaica Art","/case-studies/luxury-lifestyle-judaica-art","https://www.digitallynext.com/case-studies/luxury-lifestyle-judaica-art"
CaseStudy,"Phygital InsurTech Model for Tier II & III Cities","/case-studies/bfsi-insurance-india","https://www.digitallynext.com/case-studies/bfsi-insurance-india"
CaseStudy,"Global Digital Visibility for Student Fintech Card","/case-studies/bfsi-value-cards","https://www.digitallynext.com/case-studies/bfsi-value-cards"
CaseStudy,"Digital Modernization for Global Real Estate Consulting","/case-studies/consulting-real-estate-advisory","https://www.digitallynext.com/case-studies/consulting-real-estate-advisory"
CaseStudy,"Digital Globalization for Media Law Firm","/case-studies/consulting-legal-ip-media","https://www.digitallynext.com/case-studies/consulting-legal-ip-media"

Blog,"Shopify vs WordPress vs Next.js — Which One Makes You Look Like a Million-Dollar Brand?","/blog/shopify-vs-wordpress-vs-nextjs-which-one-makes-you-look-like-a-million-dollar-brand","https://www.digitallynext.com/blog/shopify-vs-wordpress-vs-nextjs-which-one-makes-you-look-like-a-million-dollar-brand"
Blog,"Why Global Giants Are Quietly Hiring Indian Digital Agencies (And Winning Big)","/blog/why-global-giants-are-quietly-hiring-indian-digital-agencies-and-winning-big","https://www.digitallynext.com/blog/why-global-giants-are-quietly-hiring-indian-digital-agencies-and-winning-big"
Blog,"HOW TO FIND THE BEST BLOG TOPIC TO ENGAGE YOUR AUDIENCE","/blog/how-to-find-the-best-blog-topic-to-engage-your-audience","https://www.digitallynext.com/blog/how-to-find-the-best-blog-topic-to-engage-your-audience"
Blog,"Voice Search and its impact on SEO with 4 tips to make the most from it","/blog/voice-search-and-its-impact-on-seo-with-4-tips-to-make-the-most-from-it","https://www.digitallynext.com/blog/voice-search-and-its-impact-on-seo-with-4-tips-to-make-the-most-from-it"
Blog,"How to Improve Email Deliverability ?","/blog/how-to-improve-email-deliverability-","https://www.digitallynext.com/blog/how-to-improve-email-deliverability-"
Blog,"Quick Guide for High Quality Backlinks","/blog/quick-guide-for-high-quality-backlinks","https://www.digitallynext.com/blog/quick-guide-for-high-quality-backlinks"
Blog,"Tips to Master LinkedIn Marketing and Generate Leads (that actually work)","/blog/tips-to-master-linkedin-marketing-and-generate-leads-that-actually-work","https://www.digitallynext.com/blog/tips-to-master-linkedin-marketing-and-generate-leads-that-actually-work"
Blog,"Despite COVID-19, video adspend will be stable; India and Spain will lead digital adspend growth","/blog/despite-covid-19-video-adspend-will-be-stable-india-and-spain-will-lead-digital-adspend-growth","https://www.digitallynext.com/blog/despite-covid-19-video-adspend-will-be-stable-india-and-spain-will-lead-digital-adspend-growth"
Blog,"How to grow business with LinkedIn Sales Navigator in 2020","/blog/how-to-grow-business-with-linkedin-sales-navigator-in-2020","https://www.digitallynext.com/blog/how-to-grow-business-with-linkedin-sales-navigator-in-2020"
Blog,"5 Best Ways to Optimize Digital Campaign Cost","/blog/5-best-ways-to-optimize-digital-campaign-cost","https://www.digitallynext.com/blog/5-best-ways-to-optimize-digital-campaign-cost"
Blog,"4 Steps to D2C Success","/blog/4-steps-to-d2c-success","https://www.digitallynext.com/blog/4-steps-to-d2c-success"
Blog,"D2C or Ecommerce Market Place","/blog/d2c-or-ecommerce-market-place","https://www.digitallynext.com/blog/d2c-or-ecommerce-market-place"
Blog,"Digital campaigns are more about psychology than technology","/blog/digital-campaigns-are-more-about-psychology-than-technology","https://www.digitallynext.com/blog/digital-campaigns-are-more-about-psychology-than-technology"
Blog,"3 Effective Strategies for Crafting Consumable Digital Content","/blog/3-effective-strategies-for-crafting-consumable-digital-content","https://www.digitallynext.com/blog/3-effective-strategies-for-crafting-consumable-digital-content"
Blog,"Four Key Essential Concerns of a Chief Digital Officer","/blog/four-key-essential-concerns-of-a-chief-digital-officer","https://www.digitallynext.com/blog/four-key-essential-concerns-of-a-chief-digital-officer"
Blog,"Offshoring Digital Marketing Made Easy in 5 steps","/blog/offshoring-digital-marketing-made-easy-in-5-steps","https://www.digitallynext.com/blog/offshoring-digital-marketing-made-easy-in-5-steps"
Blog,"360 Degree Digital Campaign is about culture building to think or act only digital","/blog/360-degree-digital-campaign-is-about-culture-building-to-think-or-act-only-digital","https://www.digitallynext.com/blog/360-degree-digital-campaign-is-about-culture-building-to-think-or-act-only-digital"
Blog,"Time-to-Market (TTM) drives Go-to-Market(GTM)","/blog/time-to-market-ttm-drives-go-to-marketgtm","https://www.digitallynext.com/blog/time-to-market-ttm-drives-go-to-marketgtm"
Blog,"Be it B2B, B2C, D2C, B2G, C2C, C2B, etc… There is no one-size-fits-all plan","/blog/be-it-b2b-b2c-d2c-b2g-c2c-c2b-etc-there-is-no-one-size-fits-all-plan","https://www.digitallynext.com/blog/be-it-b2b-b2c-d2c-b2g-c2c-c2b-etc-there-is-no-one-size-fits-all-plan"
Blog,"Don’t miss strategic perspective while implementing Digital performance marketing","/blog/dont-miss-strategic-perspective-while-implementing-digital-performance-marketing","https://www.digitallynext.com/blog/dont-miss-strategic-perspective-while-implementing-digital-performance-marketing"
Blog,"Using Voice Search in Digital Marketing","/blog/using-voice-search-in-digital-marketing","https://www.digitallynext.com/blog/using-voice-search-in-digital-marketing"
Blog,"7 Ways D2C Brands Can Master the Art of Visibility","/blog/7-ways-d2c-brands-can-master-the-art-of-visibility","https://www.digitallynext.com/blog/7-ways-d2c-brands-can-master-the-art-of-visibility"
Blog,"4 Steps to Elevate D2C Post-Purchase Experience","/blog/4-steps-to-elevate-d2c-post-purchase-experience","https://www.digitallynext.com/blog/4-steps-to-elevate-d2c-post-purchase-experience"
Blog,"3 ways Chatbots are Revolutionizing Customer Interactions","/blog/3-ways-chatbots-are-revolutionizing-customer-interactions","https://www.digitallynext.com/blog/3-ways-chatbots-are-revolutionizing-customer-interactions"
Blog,"Feed based…Search Engine based…Viral/Trending based or All?","/blog/feed-basedsearch-engine-basedviraltrending-based-or-all","https://www.digitallynext.com/blog/feed-basedsearch-engine-basedviraltrending-based-or-all"
Blog,"The Evolution of Digital Marketing: From Then to Now – Embracing the Era of Digital Social Media","/blog/the-evolution-of-digital-marketing-from-then-to-now-embracing-the-era-of-digital-social-media","https://www.digitallynext.com/blog/the-evolution-of-digital-marketing-from-then-to-now-embracing-the-era-of-digital-social-media"
Blog,"Making combinations of: Offer + Awareness + Unboxing in Digital Marketing","/blog/making-combinations-of-offer-awareness-unboxing-in-digital-marketing","https://www.digitallynext.com/blog/making-combinations-of-offer-awareness-unboxing-in-digital-marketing"

Innews,"DMRC’s Sh. Anuj Dayal Received Lifetime Achievement Award","/innews/11","https://www.digitallynext.com/innews/11"
Innews,"Celebration of National PR Day. Kindly fill up your details on the below link and Join.","/innews/10","https://www.digitallynext.com/innews/10"
Innews,"Glimpses of National PR Day Celebration.","/innews/9","https://www.digitallynext.com/innews/9"
Innews,"प्रेस क्लब ऑफ इंडिया और पीआर सोसाइटी, दिल्ली के सहयोग से राष्ट्रीय पीआर दिवस मनाया","/innews/8","https://www.digitallynext.com/innews/8"
Innews,"Lifetime Achievement Award for his outstanding contribution to Corporate Communication & PR ","/innews/7","https://www.digitallynext.com/innews/7"
Innews,"PR and media professionals celebrate National Public Relations Day in association with the Press Club of India","/innews/6","https://www.digitallynext.com/innews/6"
Innews,"Indian. Express. Delhi","/innews/5","https://www.digitallynext.com/innews/5"
Innews,"Digital PR & Social Media meet at Press Club of India – Times Of India","/innews/2","https://www.digitallynext.com/innews/2"